Alcoholic,https://one-piece-artworks.com/app/view/assets/img/wWU8lwI.png
Wild Child,https://one-piece-artworks.com/app/view/assets/img/zsYatTk.png
Blessed Wolf,https://one-piece-artworks.com/app/view/assets/img/ZzK4yxb.png
Perceptive Warlock,https://one-piece-artworks.com/app/view/assets/img/RupGg7n.png
Master Barber,https://one-piece-artworks.com/app/view/assets/img/KcnD5km
Alpha Wolf,https://one-piece-artworks.com/app/view/assets/img/9YlBxtl.png
Amnesiac,https://one-piece-artworks.com/app/view/assets/img/4Krtgkz.png
Amulet Crafter,https://one-piece-artworks.com/app/view/assets/img/tcKXhhp.png
Amulet of Protection,https://one-piece-artworks.com/app/view/assets/img/4v1PlXp.png
Amulet,https://one-piece-artworks.com/app/view/assets/img/4v1PlXp.png
Angel,https://one-piece-artworks.com/app/view/assets/img/XdHDkLR.png
Apocalyptic Horseman,https://one-piece-artworks.com/app/view/assets/img/0O2PMrG.png
Apothecary,https://one-piece-artworks.com/app/view/assets/img/7UPKJK9.png
Archivist Fox,https://one-piece-artworks.com/app/view/assets/img/HtJh2sX.png
Assassin,https://one-piece-artworks.com/app/view/assets/img/y2rjL2i.png
Assistant,https://one-piece-artworks.com/app/view/assets/img/9GvHyx0.png
Aura Teller,https://one-piece-artworks.com/app/view/assets/img/fSIdRfi.png
Baker,https://one-piece-artworks.com/app/view/assets/img/9MFpViK.png
Bartender,https://one-piece-artworks.com/app/view/assets/img/gfOwW8P.png
Revenant,https://one-piece-artworks.com/app/view/assets/img/BFmPruf.png
Barber,https://one-piece-artworks.com/app/view/assets/img/6HmZcfl.png
Baroness,https://one-piece-artworks.com/app/view/assets/img/knmP8gy.png
Bitter Hag,https://one-piece-artworks.com/app/view/assets/img/se1lJrZ.png
Bloody Butcher,https://one-piece-artworks.com/app/view/assets/img/JCBbZN1.png
Butcher,https://one-piece-artworks.com/app/view/assets/img/tgvsqvF.png
Cat,https://one-piece-artworks.com/app/view/assets/img/aX5yIKV.png
Cautious Hag,https://one-piece-artworks.com/app/view/assets/img/6eTaoFg.png
Chef,https://one-piece-artworks.com/app/view/assets/img/aVRd7xI.png
Child,https://one-piece-artworks.com/app/view/assets/img/dHxW66D.png
Citizen,https://one-piece-artworks.com/app/view/assets/img/rPhX6eg.png
Clairvoyant Fox,https://one-piece-artworks.com/app/view/assets/img/0sorOFh.png
Cleric,https://one-piece-artworks.com/app/view/assets/img/Y9xxneb.png
Coroner,https://one-piece-artworks.com/app/view/assets/img/Qe9MoKO.png
Corrupt Wolf,https://one-piece-artworks.com/app/view/assets/img/LQABJTM.png
Corrupted,https://one-piece-artworks.com/app/view/assets/img/GTVKXhT
Crowd Seeker,https://one-piece-artworks.com/app/view/assets/img/E0HF4zk.png
Cult Leader,https://one-piece-artworks.com/app/view/assets/img/eDPJSXD
Cult Member,https://one-piece-artworks.com/app/view/assets/img/p8UmhcK.png
Cultist Wolf,https://one-piece-artworks.com/app/view/assets/img/10bRhJH.png
Cupid Hag,https://one-piece-artworks.com/app/view/assets/img/Fsg4Lyv.png
Cursed Civilian,https://one-piece-artworks.com/app/view/assets/img/OjkTdEO.png
Despot,https://one-piece-artworks.com/app/view/assets/img/ASbZ6Nz.png
Detective,https://one-piece-artworks.com/app/view/assets/img/buN7kaX.png
Devil,https://one-piece-artworks.com/app/view/assets/img/IQ4EJWx.png
Devout Villager,https://one-piece-artworks.com/app/view/assets/img/2utxQdw.png
Direwolf,https://one-piece-artworks.com/app/view/assets/img/DdFMAgD.png
Disguised Fox,https://one-piece-artworks.com/app/view/assets/img/jL6R07i.png
Dog,https://one-piece-artworks.com/app/view/assets/img/QrKFMyo.png
Executioner,https://one-piece-artworks.com/app/view/assets/img/CFPJOXr.png
Exorcist,https://one-piece-artworks.com/app/view/assets/img/CP3b8cB.png
Fenrir,https://one-piece-artworks.com/app/view/assets/img/JHgkm0T.png
Firebug,https://one-piece-artworks.com/app/view/assets/img/gw7SlXj.png
Fletcher's Customer,https://one-piece-artworks.com/app/view/assets/img/MCYD7gy.png
Fletcher,https://one-piece-artworks.com/app/view/assets/img/wSwZ6rl.png
Flute Apprentice,https://one-piece-artworks.com/app/view/assets/img/u1rLG02.png
Flute Charmer,https://one-piece-artworks.com/app/view/assets/img/3PQKgYJ.png
Flute Player,https://one-piece-artworks.com/app/view/assets/img/8hHJpsP.png
Fortune Apprentice,https://one-piece-artworks.com/app/view/assets/img/KeEJ1hi.png
Fortune Teller,https://one-piece-artworks.com/app/view/assets/img/1LU2FB2.png
Monk,https://one-piece-artworks.com/app/view/assets/img/HPjy7Hs.png
Gallant Fox,https://one-piece-artworks.com/app/view/assets/img/77X2QLv.png
Guardsman,https://one-piece-artworks.com/app/view/assets/img/DnSbnm9.png
Grandma,https://one-piece-artworks.com/app/view/assets/img/OpigcL4.png
Grave Robber,https://one-piece-artworks.com/app/view/assets/img/iElcsOe.png
Greater Coyote,https://one-piece-artworks.com/app/view/assets/img/1xdVLbO.png
Hexed Wolf,https://one-piece-artworks.com/app/view/assets/img/6NOORsJ.png
Herald,https://one-piece-artworks.com/app/view/assets/img/E9Dbp1J.png
Farmer,https://one-piece-artworks.com/app/view/assets/img/MZXyoKc.png
Ferocious Wolf,https://one-piece-artworks.com/app/view/assets/img/enuzN53.png
Hooker,https://one-piece-artworks.com/app/view/assets/img/3MrvfEZ.png
Horseman of Death,https://one-piece-artworks.com/app/view/assets/img/iDd4XPs.png
Horseman of Famine,https://one-piece-artworks.com/app/view/assets/img/iWm2BqG.png
Horseman of Pestilence,https://one-piece-artworks.com/app/view/assets/img/xWuNMOc.png
Horseman of War,https://one-piece-artworks.com/app/view/assets/img/I4oxagL.png
Horseman,https://one-piece-artworks.com/app/view/assets/img/BlqAnyy.png
Horrifying Wolf,https://one-piece-artworks.com/app/view/assets/img/iHuURwg.png
Howling Wolf,https://one-piece-artworks.com/app/view/assets/img/ke65CF5.png
Huntress,https://one-piece-artworks.com/app/view/assets/img/aBe8bSj.png
Huntsman,https://one-piece-artworks.com/app/view/assets/img/TE3gJn3.png
Idiot,https://one-piece-artworks.com/app/view/assets/img/PJ1XlAg.png
Infecting Wolf,https://one-piece-artworks.com/app/view/assets/img/vH0k4cP.png
Innkeeper,https://one-piece-artworks.com/app/view/assets/img/iigVllg.png
Journal Holder,https://one-piece-artworks.com/app/view/assets/img/GtWvxNs.png
Journalist,https://one-piece-artworks.com/app/view/assets/img/IlB72LL.png
Juror,https://one-piece-artworks.com/app/view/assets/img/x9OAfjO.png
Keen Coyote,https://one-piece-artworks.com/app/view/assets/img/2KQUCXY.png
Knowledgeable Wolf,https://one-piece-artworks.com/app/view/assets/img/e5wNRqW.png
Lesser Coyote,https://one-piece-artworks.com/app/view/assets/img/1wtWP6i
Lone Warlock,https://one-piece-artworks.com/app/view/assets/img/X8nvGiO.png
Lone Wolf,https://one-piece-artworks.com/app/view/assets/img/RH7BPL6.png
Macho,https://one-piece-artworks.com/app/view/assets/img/M61xzJD.png
Mad Scientist,https://one-piece-artworks.com/app/view/assets/img/mtquUJz.png
Medium,https://one-piece-artworks.com/app/view/assets/img/yWMgTL2.png
Oracle,https://one-piece-artworks.com/app/view/assets/img/e9TRejr.png
Pack Tanner,https://one-piece-artworks.com/app/view/assets/img/YypqBwO.png
Plague Bearer,https://one-piece-artworks.com/app/view/assets/img/BW9naBh.png
Plague Carrier,https://one-piece-artworks.com/app/view/assets/img/MRUgQ9r.png
Plague Doctor,https://one-piece-artworks.com/app/view/assets/img/g8bwNBe.png
Priest,https://one-piece-artworks.com/app/view/assets/img/sKmd9I1.png
Prophetic Hag,https://one-piece-artworks.com/app/view/assets/img/NBMS1hW.png
Psychic Wolf,https://one-piece-artworks.com/app/view/assets/img/96nMCvJ.png
Psychopath,https://one-piece-artworks.com/app/view/assets/img/UWl3reh.png
Pyromancer,https://one-piece-artworks.com/app/view/assets/img/el1U4E2.png
Raccoon,https://one-piece-artworks.com/app/view/assets/img/TqOVvsO.png
Ranger,https://one-piece-artworks.com/app/view/assets/img/THTyAU3.png
Ravenkeeper,https://one-piece-artworks.com/app/view/assets/img/XP0lBwi.png
Recluse,https://one-piece-artworks.com/app/view/assets/img/81iftQ1.png
Riding Hood,https://one-piece-artworks.com/app/view/assets/img/XYm8xWO.png
Royal Knight,https://one-piece-artworks.com/app/view/assets/img/GQy4wep.png
Runner,https://one-piece-artworks.com/app/view/assets/img/IcrF3aV.png
Saboteur Wolf,https://one-piece-artworks.com/app/view/assets/img/kzjDfjS.png
Scared Wolf,https://one-piece-artworks.com/app/view/assets/img/18LjdZo.png
Sneaking Wolf,https://one-piece-artworks.com/app/view/assets/img/JK9Ub94.png
Spiritualist,https://one-piece-artworks.com/app/view/assets/img/6qFe2bG.png
Stalker,https://one-piece-artworks.com/app/view/assets/img/Dd8gSrN.png
Tattletale,https://one-piece-artworks.com/app/view/assets/img/eRp3HvS.png
Tanner,https://one-piece-artworks.com/app/view/assets/img/pJguNOr.png
Town Elder,https://one-piece-artworks.com/app/view/assets/img/OzVKrUq.png
Town Crier,https://one-piece-artworks.com/app/view/assets/img/cfa52GA.png
Tracking Wolf,https://one-piece-artworks.com/app/view/assets/img/Eja13YH.png
Trickster,https://one-piece-artworks.com/app/view/assets/img/ztgxNN8.png
Undead,https://one-piece-artworks.com/app/view/assets/img/2v4uuNi
Vampire,https://onepiecetopdecks.com/wp-content/uploads/2024/03/Screenshot-2024-03-12-at-6.23.17-PM.jpg
Vicious Hag,https://one-piece-artworks.com/app/view/assets/img/nYnr2Ps.png
Warlock,https://one-piece-artworks.com/app/view/assets/img/vYChHd7.png
White Werewolf,https://one-piece-artworks.com/app/view/assets/img/xhpO7Fv.png
Wisp,https://one-piece-artworks.com/app/view/assets/img/dE5OeYO
Witch,https://one-piece-artworks.com/app/view/assets/img/PEWio5F.png
Wolf Cub,https://one-piece-artworks.com/app/view/assets/img/HEqtG5w
Hag,https://one-piece-artworks.com/app/view/assets/img/d71sdRw.png
Duck,https://one-piece-artworks.com/app/view/assets/img/QP5H7GE.png
Bard,https://one-piece-artworks.com/app/view/assets/img/msn0zu0.png
Bear,https://one-piece-artworks.com/app/view/assets/img/okrCCDc.png
Wolf,https://one-piece-artworks.com/app/view/assets/img/aamlTog.png
Demon,https://one-piece-artworks.com/app/view/assets/img/n7XCjLP.png
Cupid,https://one-piece-artworks.com/app/view/assets/img/ZhiRP3c.png
Cursebearer,https://one-piece-artworks.com/app/view/assets/img/94UuRgE.png
Acrobat,https://one-piece-artworks.com/app/view/assets/img/QGTB8pK.png
Grandpa,https://one-piece-artworks.com/app/view/assets/img/ffwuCQs.png
Hunter,https://one-piece-artworks.com/app/view/assets/img/Xgr9hXI.png
Neighbor,https://one-piece-artworks.com/app/view/assets/img/MKbAMXg.png
Royal Guard,https://one-piece-artworks.com/app/view/assets/img/GU3WZJE.png
Sorceress,https://one-piece-artworks.com/app/view/assets/img/1HiWOeC.png
Ice King,https://one-piece-artworks.com/app/view/assets/img/SLb50Vd.png
Ice Prince,https://one-piece-artworks.com/app/view/assets/img/Q111tZc.png
Apprentice,https://one-piece-artworks.com/app/view/assets/img/FavmxOT.png
Reaper,https://one-piece-artworks.com/app/view/assets/img/ErUeY7O.png
Wraith,https://one-piece-artworks.com/app/view/assets/img/hmmIifk.png
Evil Ts,https://one-piece-artworks.com/app/view/assets/img/ri2RPoP.png

